sep=,
"Source:","C:\Users\aero\Documents\GitHub\AERO_2021-2022\DCB\driver-control-board\driver-control-board.kicad_sch"
"Date:","2/5/2022 4:49:35 PM"
"Tool:","Eeschema (6.0.1)"
"Generator:","C:\Program Files\KiCad\bin\scripting\plugins/bom_csv_grouped_by_value.py"
"Component Count:","32"

"Individual Components:"

"Item","Qty","Reference(s)","Value","LibPart","Footprint","Datasheet"
"","","C1","4.7u","Device:C","Capacitor_SMD:C_0603_1608Metric_Pad1.08x0.95mm_HandSolder","~"
"","","C2",".1u","Device:C","Capacitor_SMD:C_0603_1608Metric_Pad1.08x0.95mm_HandSolder","~"
"","","C3","10u","Device:C","Capacitor_SMD:C_0603_1608Metric_Pad1.08x0.95mm_HandSolder","~"
"","","C4","20p","Device:C","Capacitor_SMD:C_0603_1608Metric_Pad1.08x0.95mm_HandSolder","~"
"","","C5","0.1u","Device:C","Capacitor_SMD:C_0603_1608Metric_Pad1.08x0.95mm_HandSolder","~"
"","","C6","20p","Device:C","Capacitor_SMD:C_0603_1608Metric_Pad1.08x0.95mm_HandSolder","~"
"","","C7",".1u","Device:C","Capacitor_SMD:C_0603_1608Metric_Pad1.08x0.95mm_HandSolder","~"
"","","C8","0.1u","Device:C","Capacitor_SMD:C_0603_1608Metric_Pad1.08x0.95mm_HandSolder","~"
"","","C9","0.1u","Device:C","Capacitor_SMD:C_0603_1608Metric_Pad1.08x0.95mm_HandSolder","~"
"","","C10","10u","Device:C","Capacitor_SMD:C_0603_1608Metric_Pad1.08x0.95mm_HandSolder","~"
"","","C11","0.1u","Device:C","Capacitor_SMD:C_0603_1608Metric_Pad1.08x0.95mm_HandSolder","~"
"","","C12","0.1u","Device:C","Capacitor_SMD:C_0603_1608Metric_Pad1.08x0.95mm_HandSolder","~"
"","","C13","0.1u","Device:C","Capacitor_SMD:C_0603_1608Metric_Pad1.08x0.95mm_HandSolder","~"
"","","C14","0.1u","Device:C","Capacitor_SMD:C_0603_1608Metric_Pad1.08x0.95mm_HandSolder","~"
"","","D1","D_Schottky","Device:D_Schottky","Diode_SMD:D_SMA-SMB_Universal_Handsoldering","~"
"","","D2","LED","Device:LED","LED_SMD:LED_0603_1608Metric_Pad1.05x0.95mm_HandSolder","~"
"","","J1","Conn_01x05","Connector_Generic:Conn_01x05","Connector_JST:JST_XH_B5B-XH-A_1x05_P2.50mm_Vertical","~"
"","","J2","Conn_01x14","Connector_Generic:Conn_01x14","AERO_Footprints:TE_1-776266-1_14pin_Horizontal","~"
"","","J3","Conn_01x08","Connector_Generic:Conn_01x08","AERO_Footprints:TE_1-776280-1_8pin_Horizontal","~"
"","","J4","Conn_01x23","Connector_Generic:Conn_01x23","AERO_Footprints:TE_1-770669-1_23pin_Horizontal","~"
"","","J5","Conn_02x10_Counter_Clockwise","Connector_Generic:Conn_02x10_Counter_Clockwise","Connector_PinHeader_2.54mm:PinHeader_2x10_P2.54mm_Horizontal","~"
"","","J6","Conn_01x14","Connector_Generic:Conn_01x14","AERO_Footprints:TE_1-776266-1_14pin_Horizontal","~"
"","","R1","220","Device:R","Resistor_SMD:R_0603_1608Metric_Pad0.98x0.95mm_HandSolder","~"
"","","R6","R","Device:R","Resistor_SMD:R_0603_1608Metric_Pad0.98x0.95mm_HandSolder","~"
"","","R7","1k","Device:R","Resistor_SMD:R_0603_1608Metric_Pad0.98x0.95mm_HandSolder","~"
"","","R8","120","Device:R","Resistor_SMD:R_0603_1608Metric_Pad0.98x0.95mm_HandSolder","~"
"","","RN1","R_Pack04","Device:R_Pack04","Resistor_SMD:R_Array_Convex_4x1206","~"
"","","U1","STM32F413CGUx","MCU_ST_STM32F4:STM32F413CGUx","Package_DFN_QFN:QFN-48-1EP_7x7mm_P0.5mm_EP5.6x5.6mm","http://www.st.com/st-web-ui/static/active/en/resource/technical/document/datasheet/DM00282249.pdf"
"","","U2","LD1117S33TR_SOT223","Regulator_Linear:LD1117S33TR_SOT223","Package_TO_SOT_SMD:SOT-223-3_TabPin2","http://www.st.com/st-web-ui/static/active/en/resource/technical/document/datasheet/CD00000544.pdf"
"","","U3","R-78B5.0-2.0","Regulator_Switching:R-78B5.0-2.0","Converter_DCDC:Converter_DCDC_RECOM_R-78B-2.0_THT","https://www.recom-power.com/pdf/Innoline/R-78Bxx-2.0.pdf"
"","","U4","MCP2551-I-SN","Interface_CAN_LIN:MCP2551-I-SN","Package_SO:SOIC-8_3.9x4.9mm_P1.27mm","http://ww1.microchip.com/downloads/en/devicedoc/21667d.pdf"
"","","Y1","Crystal","Device:Crystal","Crystal:Crystal_HC52-8mm_Vertical","~"



"Collated Components:"

"Item","Qty","Reference(s)","Value","LibPart","Footprint","Datasheet"
"1","1","C1","4.7u","Device:C","Capacitor_SMD:C_0603_1608Metric_Pad1.08x0.95mm_HandSolder","~"
"2","2","C2, C7",".1u","Device:C","Capacitor_SMD:C_0603_1608Metric_Pad1.08x0.95mm_HandSolder","~"
"3","2","C3, C10","10u","Device:C","Capacitor_SMD:C_0603_1608Metric_Pad1.08x0.95mm_HandSolder","~"
"4","2","C4, C6","20p","Device:C","Capacitor_SMD:C_0603_1608Metric_Pad1.08x0.95mm_HandSolder","~"
"5","7","C5, C8, C9, C11, C12, C13, C14","0.1u","Device:C","Capacitor_SMD:C_0603_1608Metric_Pad1.08x0.95mm_HandSolder","~"
"6","1","D1","D_Schottky","Device:D_Schottky","Diode_SMD:D_SMA-SMB_Universal_Handsoldering","~"
"7","1","D2","LED","Device:LED","LED_SMD:LED_0603_1608Metric_Pad1.05x0.95mm_HandSolder","~"
"8","1","J1","Conn_01x05","Connector_Generic:Conn_01x05","Connector_JST:JST_XH_B5B-XH-A_1x05_P2.50mm_Vertical","~"
"9","2","J2, J6","Conn_01x14","Connector_Generic:Conn_01x14","AERO_Footprints:TE_1-776266-1_14pin_Horizontal","~"
"10","1","J3","Conn_01x08","Connector_Generic:Conn_01x08","AERO_Footprints:TE_1-776280-1_8pin_Horizontal","~"
"11","1","J4","Conn_01x23","Connector_Generic:Conn_01x23","AERO_Footprints:TE_1-770669-1_23pin_Horizontal","~"
"12","1","J5","Conn_02x10_Counter_Clockwise","Connector_Generic:Conn_02x10_Counter_Clockwise","Connector_PinHeader_2.54mm:PinHeader_2x10_P2.54mm_Horizontal","~"
"13","1","R1","220","Device:R","Resistor_SMD:R_0603_1608Metric_Pad0.98x0.95mm_HandSolder","~"
"14","1","R6","R","Device:R","Resistor_SMD:R_0603_1608Metric_Pad0.98x0.95mm_HandSolder","~"
"15","1","R7","1k","Device:R","Resistor_SMD:R_0603_1608Metric_Pad0.98x0.95mm_HandSolder","~"
"16","1","R8","120","Device:R","Resistor_SMD:R_0603_1608Metric_Pad0.98x0.95mm_HandSolder","~"
"17","1","RN1","R_Pack04","Device:R_Pack04","Resistor_SMD:R_Array_Convex_4x1206","~"
"18","1","U1","STM32F413CGUx","MCU_ST_STM32F4:STM32F413CGUx","Package_DFN_QFN:QFN-48-1EP_7x7mm_P0.5mm_EP5.6x5.6mm","http://www.st.com/st-web-ui/static/active/en/resource/technical/document/datasheet/DM00282249.pdf"
"19","1","U2","LD1117S33TR_SOT223","Regulator_Linear:LD1117S33TR_SOT223","Package_TO_SOT_SMD:SOT-223-3_TabPin2","http://www.st.com/st-web-ui/static/active/en/resource/technical/document/datasheet/CD00000544.pdf"
"20","1","U3","R-78B5.0-2.0","Regulator_Switching:R-78B5.0-2.0","Converter_DCDC:Converter_DCDC_RECOM_R-78B-2.0_THT","https://www.recom-power.com/pdf/Innoline/R-78Bxx-2.0.pdf"
"21","1","U4","MCP2551-I-SN","Interface_CAN_LIN:MCP2551-I-SN","Package_SO:SOIC-8_3.9x4.9mm_P1.27mm","http://ww1.microchip.com/downloads/en/devicedoc/21667d.pdf"
"22","1","Y1","Crystal","Device:Crystal","Crystal:Crystal_HC52-8mm_Vertical","~"
